{
    "icd10code": "A00.0",
    "type": "subcategory",
    "title": "Cholera due to Vibrio cholerae 01, biovar cholerae",
    "chapter": "Certain infectious and parasitic diseases",
    "chapterCode": "I",
    "block": "Intestinal infectious diseases",
    "blockCode": "A00-A09",
    "category": "Cholera",
    "categoryCode": "A00",
    "subcategory": "A00.0",
    "inclusion": [
        "diseases generally recognized as communicable or transmissible",
        "Classical cholera"
    ],
    "exclusion": [
        "carrier or suspected carrier of infectious disease",
        "certain localized infections - see body system-related chapters",
        "infectious and parasitic diseases complicating pregnancy, childbirth and the puerperium [except obstetrical tetanus]",
        "infectious and parasitic diseases specific to the perinatal period [except tetanus neonatorum, whooping cough, congenital syphilis, perinatal gonococcal infection and perinatal human immunodeficiency virus [HIV] disease]",
        "influenza and other acute respiratory infections"
    ],
    "symptoms": [
        "abdominal pain",
        "severe dehydration",
        "fever",
        "vomiting",
        "constipation"
    ]
}