icd10,doid  
E88.9,0014667
Z88.1,0040008
Z88.4,0040010
L23.0,0040046
L23.0,0040056
J16.0,0040083
J13,0040084
M08.1,0040092
M32.0,0040093
O26.4,0040098
L95.0,0040099
A83.5,0050118
D76.1,0050120
J01,0050127
B36.9,0050133
J35.02,0050145
J04,0050148
J37.1,0050148
J69.0,0050152
J84.112,0050156
J84.116,0050157
J84.117,0050158
A18.17,0050166
A84.1,0050175
G70.80,0050214
A59.00,0050269
E00.1,0050328
E03.1,0050328
G25.81,0050425
L51.1,0050426
Q82.1,0050427
Q82.8,0050429
E31.22,0050430
F84.5,0050432
A81.83,0050433
E75.26,0050441
G60.1,0050444
I49.8,0050451
M04.1,0050452
Q04.3,0050453
A31.1,0050456
C93.3,0050458
Q93.3,0050460
E77.1,0050461
L60.5,0050468
Q84.1,0050472
E78.71,0050476
R21,0050486
B08.2,0050495
C91.5,0050523
E11.8,0050524
G12.1,0050529
H53.63,0050534
H35.00,0050535
H90.3,0050564
H90.3,0050565
H90.3,0050566
Q87.1,0050569
H35.5,0050572
Q61.5,0050576
D70,0050590
K00.0,0050591
Q77.2,0050592
B68.1,0050596
B65.1,0050597
B65.2,0050597
G31.8,0050629
E70.3,0050632
G98,0050635
E85.82,0050638
Q21.2,0050651
Q87.89,0050657
H35.5,0050661
Q86.0,0050665
K76.8,0050674
I42,0050700
F17,0050742
G71.1,0050759
Q87.8,0050764
Q04.3,0050777
Q87.8,0050779
E16.4,0050782
E25,0050811
I44.3,0050820
I07,0050826
G24.2,0050835
G24.1,0050835
G47.3,0050847
G47.33,0050848
M04.2,0050854
G11.4,0050886
D81.8,0060010
C85.9,0060058
C85.9,0060060
C88.2,0060125
R48.2,0060135
G40.3,0060170
G72.3,0060173
G43.8,0060178
Q87.5,0060179
K52.9,0060180
K55.9,0060181
K52.83,0060182
K52.831,0060183
K52.832,0060184
A04.7,0060185
K52,0060186
K52,0060187
K50.0,0060188
K52.9,0060189
K52.9,0060190
K50.0,0060191
K50.1,0060192
G12.2,0060193
G12.2,0060194
G12.2,0060196
G37.0,0060215
H16.32,0060216
M34.1,0060218
Q78.4,0060221
E76.0,0060222
R48.8,0060223
Q87.8,0060225
M21.8,0060231
Q87.0,0060232
Q87.8,0060233
E79.8,0060236
Q38.0,0060239
F80.81,0060243
G11.4,0060245
M41.9,0060249
Q87.19,0060254
H02.4,0060260
Q10.0,0060261
K82.9,0060262
Q04.6,0060263
Q04.3,0060270
Q04.3,0060276
Q04.3,0060277
Q04.3,0060278
G40.8,0060281
D59.5,0060284
D59.6,0060284
Q13.4,0060287
Q77.3,0060292
Q77.3,0060293
D84.1,0060295
D84.1,0060297
D84.1,0060298
D84.1,0060299
D84.1,0060300
D84.1,0060301
D84.1,0060302
D84.1,0060303
K12.2,0060310
J35.2,0060311
K13.0,0060312
Q32.0,0060313
K13.3,0060315
Q87.0,0060316
J85.2,0060317
C92.4,0060318
I46,0060319
K40,0060320
Q79.2,0060321
H70.9,0060322
K04.6,0060324
D26.9,0060325
Q05,0060326
Q79.2,0060327
K60.3,0060328
O00,0060329
P70.2,0060334
E71.111,0060336
Q18.2,0060341
E78.3,0060357
E71.313,0060358
Q87.0,0060359
Q87.0,0060380
Q93.5,0060390
Q93.5,0060391
Q93.5,0060394
Q93.5,0060395
Q93.5,0060397
Q93.5,0060400
Q85.0,0060403
Q93.5,0060404
Q93.5,0060405
Q93.5,0060407
Q93.5,0060409
Q93.5,0060411
Q93.5,0060412
Q93.5,0060415
Q93.5,0060417
Q93.5,0060422
Q93.5,0060425
Q99.8,0060427
Q93.5,0060428
Q92.3,0060430
Q92.3,0060431
Q92.3,0060432
Q92.3,0060433
Q92.3,0060434
Q92.3,0060435
Q92.3,0060436
H18.5,0060445
H18.5,0060446
H18.5,0060447
H18.5,0060450
H18.52,0060451
H18.5,0060452
H18.5,0060454
H18.5,0060457
Q92.3,0060459
Q92.3,0060460
Q99.8,0060461
Q87.8,0060464
Q87.2,0060468
Q93.88,0060469
D75.1,0060474
Q87.3,0060476
A92.8,0060478
D61.0,0060479
Q87.8,0060482
G11.4,0060491
G71.3,0060537
D65,0060538
D82.8,0060551
Q68.8,0060558
L95.1,0060567
D68.01,0060573
D68.02,0060574
Q87.1,0060578
Q87.1,0060580
Q87.1,0060581
Q87.1,0060582
Q87.1,0060583
Q87.1,0060584
Q87.1,0060585
Q87.1,0060586
Q87.1,0060587
Q87.1,0060588
C92.2,0060597
D68.8,0060601
Q38.1,0060604
Q87.1,0060608
Q87.1,0060609
Q87.8,0060641
Q81.2,0060642
K83.01,0060643
M86.3,0060645
Q13.8,0060648
D69.4,0060651
D75.0,0060652
Q80.2,0060655
Q80.2,0060656
Q00.0,0060668
Q28.3,0060670
Q28.3,0060671
G31.0,0060672
Q13.4,0060673
I47.2,0060674
I47.2,0060675
I42.8,0060675
I47.2,0060676
I47.2,0060677
I47.2,0060678
I47.2,0060679
Q28.2,0060688
L65.8,0060689
H90.3,0060690
D69.4,0060691
D69.8,0060692
E70.8,0060693
G11.0,0060694
G25.8,0060695
G25.8,0060696
G25.8,0060697
G25.8,0060698
E83.5,0060699
E83.5,0060700
E83.5,0060701
E83.5,0060702
D82.3,0060705
D82.3,0060706
D47.9,0060707
D47.9,0060708
Q80.2,0060710
Q80.2,0060711
Q80.2,0060712
Q80.4,0060713
Q80.2,0060714
Q80.2,0060715
Q80.2,0060716
Q80.2,0060717
Q80.2,0060718
Q80.2,0060719
Q80.8,0060720
E77.8,0060728
G24.1,0060730
G47.3,0060731
Q93.5,0060732
Q81.8,0060733
Q81.0,0060735
Q81.0,0060736
Q81.1,0060737
Q81.8,0060738
Q51.2,0060739
E71.1,0060740
E71.1,0060741
E71.1,0060742
E71.1,0060743
E07.1,0060744
H35.5,0060745
H35.5,0060746
Q87.8,0060747
M85.2,0060756
M85.2,0060757
Q14.1,0060763
Q93.5,0060768
D82.8,0060769
Q20.3,0060770
Q20.3,0060772
P78.3,0060775
P78.3,0060776
P78.3,0060777
P78.3,0060778
P78.3,0060779
P78.3,0060780
P78.3,0060781
E75.2,0060787
E75.2,0060789
E75.2,0060790
E75.2,0060791
G11.1,0060792
G37.8,0060793
G11.1,0060794
G11.1,0060797
E75.2,0060798
Q87.8,0060802
Q87.8,0060804
Q04.3,0060807
Q87.8,0060809
G25.5,0060810
Q87.8,0060811
Q87.8,0060813
Q87.8,0060816
Q87.8,0060820
Q87.8,0060822
F72,0060823
Q87.8,0060824
Q87.8,0060826
F71.1,0060827
Q87.8,0060830
E70.3,0060831
Q11.0,0060835
Q11.0,0060836
Q15.8,0060837
Q11.0,0060838
Q11.0,0060839
Q11.0,0060840
Q11.0,0060841
Q11.0,0060842
Q45.1,0060850
L10.0,0060851
Q20.6,0060856
E72.0,0060858
A02.0,0060859
Q87.2,0060861
Q82.8,0060862
H35.5,0060863
E75.2,0060868
E23.0,0060870
Q80.8,0060871
E23.0,0060872
E23.0,0060873
E23.0,0060874
E23.0,0060875
E83.4,0060879
E83.4,0060880
E83.4,0060882
E83.4,0060883
E83.4,0060884
E83.4,0060885
D47.7,0060888
Q79.4,0060889
E24.3,0060890
G20,0060891
G20,0060895
G20,0060896
C88.0,0060901
N11.8,0060911
G24.8,0060936
E75.2,0070111
E75.2,0070112
E75.2,0070113
E75.2,0070114
Q61.9,0070115
Q61.9,0070116
Q61.9,0070117
Q61.9,0070118
Q61.9,0070119
Q61.9,0070120
Q61.9,0070122
E03.1,0070123
E03.1,0070124
E03.1,0070125
E03.1,0070126
E03.1,0070127
E03.1,0070128
Q82.8,0070129
Q82.8,0070130
Q82.8,0070131
Q82.8,0070132
Q82.8,0070133
Q82.8,0070134
Q82.8,0070135
Q82.8,0070136
Q82.8,0070137
Q82.8,0070138
Q82.8,0070140
Q82.8,0070141
Q82.8,0070142
G60.8,0070149
G60.8,0070151
G60.8,0070158
Q82.0,0070212
I89.0,0070213
G71.0,0070247
Q22.6,0070315
E51.12,0070317
E51.11,0070318
L74.2,0070320
L74.1,0070321
N32.81,0070355
Q93.2,0070620
M89.9,0080001
Q05,0080016
Q77.4,0080041
G71.0,0080092
G71.0,0080094
G31.81,0080122
Q64.10,0080174
A39.0,0080176
K76.5,0080177
G00.0,0080179
C85.2,0080210
E75.5,0080217
H35.5,0080350
Q87.3,0080351
D12.6,0080410
L40.1,0080474
D80.5,0080544
U07.1,0080600
M32.11,0080740
E34.51,0080775
N39.0,0080784
Q31.5,0080833
L10.2,0080850
L10.81,0080852
E55.0,0080883
E85.81,0080933
E85.3,0080936
C92.5,0081082
C92.0,0081085
C92.0,0081086
C92.0,0081087
C83.8,0081307
E74.01,0081329
Q87.0,0090001
G60.0,0090003
Q77.7,0090004
G71.1,0090005
Q60.4,0090006
D84.8,0090007
D84.8,0090008
D84.8,0090009
D84.8,0090010
D84.8,0090011
D81.1,0090012
D81.1,0090013
D81.2,0090014
Q78.4,0090015
D46.7,0090016
Q81.0,0090017
E85.0,0090018
Q71.6,0090021
Q87.2,0090024
E85.0,0090029
E27.8,0090030
E71.3,0090031
Q77.7,0090032
G24.1,0090034
G24.1,0090037
G24.1,0090038
G24.1,0090039
G24.1,0090041
G24.1,0090042
G24.1,0090043
G24.8,0090044
G24.8,0090045
G24.1,0090046
G24.8,0090047
G24.1,0090048
G24.8,0090049
G24.1,0090050
G24.8,0090051
G24.8,0090052
G24.8,0090053
G24.8,0090054
G24.1,0090055
G24.1,0090056
G24.1,0090057
G24.1,0090058
E13,0090060
L50.2,0090061
L50.2,0090062
L50.2,0090064
L50.2,0090065
Q74.8,0090067
E23.0,0090070
E23.0,0090071
E23.0,0090072
E23.0,0090073
E23.0,0090074
E23.0,0090075
E23.0,0090076
E23.0,0090077
E23.0,0090078
E23.0,0090079
E23.0,0090080
E23.0,0090081
E23.0,0090082
E23.0,0090083
E23.0,0090084
E23.0,0090085
E23.0,0090086
E23.0,0090087
E23.6,0090088
E23.0,0090089
E23.0,0090090
Q56.1,0090091
E23.0,0090092
E23.0,0090093
E23.0,0090094
E70.3,0090100
E74.0,0090101
G73.6,0090101
D69.4,0090102
G10,0090103
G10,0090104
E78.0,0090105
E20.8,0090109
E31.0,0090110
E75.2,0090111
D82.8,0090113
G60.2,0090115
Q76.4,0090116
E30.1,0090122
E70.81,0090123
E71.1,0090126
E71.3,0090129
Q04.8,0090130
Q04.3,0090137
E72.19,0090142
Q76.3,0090143
H35.5,0110005
H35.5,0110016
D56.0,0110029
D56.0,0110030
D56.0,0110031
G30,0110035
G30,0110037
G30,0110038
G30,0110039
G30,0110041
G30,0110043
G30,0110044
G30,0110045
G30,0110046
G30,0110047
G30,0110048
K00.5,0110052
K00.5,0110053
K00.5,0110054
K00.5,0110055
K00.5,0110056
K00.5,0110057
K00.5,0110058
K00.5,0110059
K00.5,0110060
K00.5,0110061
K00.5,0110062
K00.5,0110063
K00.5,0110064
K00.5,0110065
K00.5,0110066
I42.8,0110070
Q24.8,0110070
I42.8,0110072
I42.8,0110073
I42.8,0110074
I42.8,0110075
I42.8,0110076
I42.8,0110077
H35.5,0110078
H35.5,0110079
H35.5,0110080
I42.8,0110081
I42.8,0110082
I42.8,0110083
I42.8,0110084
Q77.2,0110085
Q77.2,0110086
Q77.2,0110087
Q77.2,0110088
Q77.2,0110089
Q77.2,0110090
Q77.2,0110091
Q87.5,0110091
Q77.2,0110092
Q77.2,0110093
Q77.2,0110094
Q77.2,0110095
Q04.3,0110096
Q87.5,0110097
Q21.1,0110106
Q21.1,0110107
Q21.1,0110108
Q21.1,0110109
Q21.1,0110110
Q21.1,0110111
Q21.1,0110112
Q21.1,0110113
Q21.1,0110114
D47.9,0110115
D47.9,0110116
D72.8,0110117
H35.5,0110118
Q13.8,0110120
Q13.8,0110121
Q13.8,0110122
Q87.89,0110123
Q87.89,0110124
Q87.89,0110125
Q87.89,0110126
Q87.89,0110127
Q87.89,0110128
Q87.89,0110129
Q87.89,0110130
Q87.89,0110131
Q87.89,0110132
Q87.89,0110133
Q87.89,0110134
Q87.89,0110135
Q87.89,0110136
Q87.89,0110137
Q87.89,0110138
Q87.89,0110139
Q87.89,0110140
Q87.89,0110141
E26.8,0110142
E26.8,0110143
E26.8,0110144
E26.8,0110145
E26.8,0110146
E26.8,0110147
G60.0,0110148
G60.0,0110149
G60.0,0110150
G60.0,0110151
G60.0,0110152
G60.0,0110153
G60.0,0110154
G60.0,0110155
G60.0,0110156
G60.0,0110157
G60.0,0110158
G60.0,0110159
G60.0,0110160
G60.0,0110161
G60.0,0110163
G60.0,0110164
G60.0,0110165
G60.0,0110166
G60.0,0110167
G60.0,0110168
G60.0,0110169
G60.0,0110170
G60.0,0110173
G60.0,0110174
G60.0,0110175
G60.0,0110177
G60.0,0110179
G60.0,0110182
G60.0,0110183
G60.0,0110184
G60.0,0110185
G60.0,0110186
G60.0,0110187
H35.5,0110188
H35.5,0110189
G60.0,0110190
G60.0,0110191
G60.0,0110192
G60.0,0110193
G60.0,0110194
G60.0,0110195
G60.0,0110196
G60.0,0110197
G60.0,0110198
G60.0,0110199
G60.0,0110200
G60.0,0110202
G60.0,0110203
G60.0,0110204
G60.0,0110205
G60.0,0110206
G60.0,0110207
G60.0,0110208
G60.0,0110209
G60.0,0110210
G60.0,0110211
G60.0,0110212
Q35.1,0110213
Q35.9,0110213
Q35.5,0110213
Q35.7,0110213
Q35.3,0110213
Q35.3,0110214
H35.5,0110215
H35.5,0110216
H35.5,0110217
I49.8,0110218
I49.8,0110219
I49.8,0110220
I49.8,0110221
I49.8,0110222
I49.8,0110223
I49.8,0110224
I49.8,0110225
I49.8,0110226
Q12.0,0110227
Q12.0,0110228
Q12.0,0110229
Q12.0,0110230
Q12.0,0110231
Q12.0,0110232
Q12.0,0110233
Q12.0,0110234
Q12.0,0110235
Q12.0,0110236
Q12.0,0110237
Q12.0,0110238
Q12.0,0110239
Q12.0,0110240
Q12.0,0110241
Q12.0,0110242
Q12.0,0110243
Q12.0,0110245
Q12.0,0110246
Q12.0,0110248
Q12.0,0110249
Q12.0,0110250
Q12.0,0110251
Q12.0,0110252
Q12.0,0110253
Q12.0,0110254
Q12.0,0110255
Q12.0,0110256
Q12.0,0110257
Q12.0,0110258
Q12.0,0110259
Q12.0,0110260
Q12.0,0110261
Q12.0,0110262
Q12.0,0110263
Q12.0,0110264
Q12.0,0110265
Q12.0,0110266
Q12.0,0110267
Q12.0,0110268
Q12.0,0110269
Q12.0,0110270
Q12.0,0110271
Q12.0,0110272
G71.0,0110273
G71.0,0110274
G71.0,0110275
G71.0,0110276
G71.0,0110277
G71.0,0110278
G71.0,0110279
G71.0,0110280
G71.0,0110281
G71.0,0110282
G71.0,0110283
G71.0,0110284
G71.0,0110285
G71.0,0110287
G71.0,0110289
H35.5,0110291
G71.0,0110292
G71.0,0110293
G71.0,0110294
G71.0,0110295
G71.0,0110296
G71.0,0110297
G71.0,0110298
G71.0,0110299
G71.0,0110303
G71.0,0110304
G71.0,0110305
G71.0,0110306
H35.5,0110329
H35.5,0110330
H35.5,0110331
H35.5,0110332
H35.5,0110333
Q78.0,0110335
Q78.0,0110336
Q78.0,0110337
Q78.0,0110338
Q78.0,0110339
Q78.0,0110340
Q78.0,0110341
Q78.0,0110342
Q78.0,0110343
Q78.0,0110344
Q78.0,0110345
Q78.0,0110346
Q78.0,0110347
Q78.0,0110348
Q78.0,0110349
Q78.0,0110350
Q78.0,0110351
H35.5,0110352
H35.5,0110353
H35.5,0110354
H35.5,0110355
H35.5,0110356
H35.5,0110357
H35.5,0110358
H35.5,0110359
H35.5,0110360
H35.5,0110361
H35.5,0110362
H35.5,0110363
H35.5,0110364
H35.5,0110365
H35.5,0110366
H35.5,0110367
H35.5,0110368
H35.5,0110369
H35.5,0110370
H35.5,0110371
H35.5,0110372
H35.5,0110373
H35.5,0110374
H35.5,0110375
H35.5,0110376
H35.5,0110377
H35.5,0110378
H35.5,0110379
H35.5,0110380
H35.5,0110381
H35.5,0110382
H35.5,0110383
H35.5,0110384
H35.5,0110385
H35.5,0110386
H35.5,0110387
H35.5,0110388
H35.5,0110389
H35.5,0110390
H35.5,0110391
H35.5,0110392
H35.5,0110393
H35.5,0110394
H35.5,0110395
H35.5,0110396
H35.5,0110397
H35.5,0110398
H35.5,0110399
H35.5,0110400
H35.5,0110401
H35.5,0110402
H35.5,0110403
H35.5,0110404
H35.5,0110405
H35.5,0110406
H35.5,0110407
H35.5,0110408
H35.5,0110409
H35.5,0110410
H35.5,0110411
H35.5,0110412
H35.5,0110413
H35.5,0110414
H35.5,0110415
H35.5,0110416
H35.5,0110417
H35.5,0110418
H35.5,0110419
H35.5,0110420
H35.5,0110421
H35.5,0110422
I42.0,0110423
I42.0,0110424
I42.0,0110426
I42.0,0110427
I42.0,0110428
I42.0,0110429
I42.0,0110430
I42.0,0110431
I42.0,0110432
I42.0,0110433
I42.0,0110434
I42.0,0110435
I42.0,0110436
I42.0,0110437
I42.0,0110438
I42.0,0110439
I42.0,0110441
I42.0,0110442
I42.0,0110443
I42.0,0110444
I42.0,0110445
I42.0,0110446
I42.0,0110447
I42.0,0110448
I42.0,0110449
I42.0,0110450
I42.0,0110451
I42.0,0110452
I42.0,0110453
I42.0,0110454
I42.0,0110455
I42.0,0110456
I42.0,0110457
I42.0,0110458
I42.0,0110459
I42.0,0110460
I42.0,0110461
H90.3,0110462
H90.3,0110463
H90.3,0110464
H90.3,0110465
H90.3,0110467
H90.3,0110468
H90.3,0110469
H90.3,0110470
H90.3,0110471
H90.3,0110472
H90.3,0110473
H90.3,0110474
H90.3,0110475
H90.3,0110476
H90.3,0110477
H90.3,0110478
H90.3,0110479
H90.3,0110480
H90.3,0110481
H90.3,0110482
H90.3,0110483
H90.3,0110484
H90.3,0110485
H90.3,0110486
H90.3,0110487
H90.3,0110488
H90.3,0110489
H90.3,0110490
H90.3,0110491
H90.3,0110492
H90.3,0110493
H90.3,0110494
H90.3,0110495
H90.3,0110496
H90.3,0110497
H90.3,0110498
H90.3,0110499
H90.3,0110500
H90.3,0110501
H90.3,0110502
H90.3,0110503
H90.3,0110504
H90.3,0110505
H90.3,0110506
H90.3,0110507
H90.3,0110508
H90.3,0110509
H90.3,0110510
H90.3,0110511
H90.3,0110512
H90.3,0110513
H90.3,0110514
H90.3,0110515
H90.3,0110516
H90.3,0110517
H90.3,0110518
H90.3,0110519
H90.3,0110520
H90.3,0110521
H90.3,0110522
H90.3,0110523
H90.3,0110524
H90.3,0110525
H90.3,0110526
H90.3,0110527
H90.3,0110528
H90.3,0110529
H90.3,0110530
H90.3,0110531
H90.3,0110532
H90.3,0110533
H90.3,0110534
H90.3,0110535
H90.3,0110536
H90.3,0110537
H90.3,0110538
H90.3,0110539
H90.3,0110540
H90.3,0110541
H90.3,0110542
H90.3,0110543
H90.3,0110544
H90.3,0110545
H90.3,0110546
H90.3,0110547
H90.3,0110548
H90.3,0110549
H90.3,0110550
H90.3,0110551
H90.3,0110552
H90.3,0110553
H90.3,0110554
H90.3,0110555
H90.3,0110556
H90.3,0110557
H90.3,0110558
H90.3,0110559
H90.3,0110560
H90.3,0110561
H90.3,0110562
H90.3,0110563
H90.3,0110564
H90.3,0110565
H90.3,0110566
H90.3,0110567
H90.3,0110568
H90.3,0110569
H90.3,0110570
H90.3,0110571
H90.3,0110572
H90.3,0110573
H90.3,0110574
H90.3,0110575
H90.3,0110576
H90.3,0110577
H90.3,0110579
H90.3,0110580
H90.3,0110581
H90.3,0110582
H90.3,0110583
H90.3,0110584
H90.3,0110585
H90.3,0110586
H90.3,0110587
H90.3,0110588
H90.3,0110589
H90.3,0110590
H90.3,0110591
H90.3,0110592
H90.3,0110593
Q34.8,0110594
Q87.8,0110595
Q34.8,0110596
Q34.8,0110597
Q34.8,0110598
Q34.8,0110599
Q34.8,0110600
Q34.8,0110601
Q34.8,0110602
Q34.8,0110603
Q34.8,0110604
Q34.8,0110605
Q34.8,0110606
Q34.8,0110607
Q34.8,0110608
Q34.8,0110609
Q34.8,0110611
Q34.8,0110612
Q34.8,0110613
Q34.8,0110614
Q34.8,0110615
Q34.8,0110616
Q34.8,0110617
Q34.8,0110618
Q34.8,0110619
Q34.8,0110621
Q34.8,0110622
Q34.8,0110623
Q34.8,0110624
Q34.8,0110625
Q34.8,0110626
Q34.8,0110627
Q34.8,0110628
E13.8,0110629
E13.8,0110630
G71.2,0110632
G71.8,0110633
G71.2,0110633
G71.2,0110634
G71.2,0110635
G71.2,0110637
G71.2,0110639
G71.2,0110640
I45.8,0110644
I45.8,0110645
I45.8,0110646
I45.8,0110647
I45.8,0110648
I45.8,0110650
I45.8,0110651
I45.8,0110652
I45.8,0110653
I45.8,0110654
I45.8,0110655
I45.8,0110656
Q87.0,0110716
Q87.0,0110717
Q87.0,0110718
Q87.0,0110719
E75.4,0110720
E75.4,0110721
E75.4,0110722
E75.4,0110723
E75.4,0110724
E75.4,0110725
E75.4,0110726
E75.4,0110727
E75.4,0110728
E75.4,0110729
E75.4,0110730
E75.4,0110731
E75.4,0110732
E75.4,0110733
G23.0,0110735
G23.0,0110736
G23.0,0110738
G23.0,0110739
G23.0,0110740
E10,0110741
E10,0110742
E10,0110743
E10,0110744
E10,0110745
E10,0110746
E10,0110747
E10,0110748
E10,0110749
E10,0110750
E10,0110751
E10,0110752
E10,0110753
E10,0110754
E10,0110755
E10,0110756
E10,0110757
E10,0110758
E10,0110759
E10,0110760
E10,0110761
G11.4,0110763
G11.4,0110764
G11.4,0110765
G11.4,0110766
G11.4,0110767
G11.4,0110768
G11.4,0110769
G11.4,0110770
G11.4,0110771
G11.4,0110772
G11.4,0110773
G11.4,0110774
G11.4,0110775
G11.4,0110776
G11.4,0110777
G11.4,0110778
G11.4,0110779
G11.4,0110780
G11.4,0110781
G11.4,0110782
G11.4,0110783
G11.4,0110785
G11.4,0110786
G11.4,0110787
G11.4,0110788
G11.4,0110789
G11.4,0110790
G11.4,0110791
G11.4,0110792
G11.4,0110793
G11.4,0110794
G11.4,0110795
G11.4,0110796
G11.4,0110797
G11.4,0110798
G11.4,0110800
G11.4,0110801
G11.4,0110805
G11.4,0110806
G11.4,0110807
G11.4,0110808
G11.4,0110809
G11.4,0110810
G11.4,0110811
G11.4,0110812
G11.4,0110813
G11.4,0110814
G11.4,0110815
G11.4,0110816
G11.4,0110817
G11.4,0110818
G11.4,0110820
G11.4,0110822
G11.4,0110823
G11.4,0110824
G11.4,0110825
H35.5,0110826
H35.5,0110830
H35.5,0110831
H35.5,0110832
H35.5,0110833
H35.5,0110834
H35.5,0110835
H35.5,0110836
H35.5,0110837
H35.5,0110838
H35.5,0110839
H35.5,0110840
H35.5,0110841
H35.5,0110842
Q82.1,0110843
Q82.1,0110844
Q82.1,0110845
Q82.1,0110846
Q82.1,0110847
Q82.1,0110848
Q82.1,0110849
Q82.1,0110850
Q77.3,0110851
Q77.3,0110852
Q77.3,0110853
H18.50,0110855
H18.50,0110856
H18.50,0110857
Q61.1,0110861
Q78.2,0110946
E70.3,0110949
E75.2,0110957
E75.2,0110958
E75.2,0110959
E75.2,0110960
E75.2,0110961
Q73.8,0110962
Q73.8,0110963
Q73.8,0110967
Q73.8,0110975
E83.1,0111029
E83.1,0111031
E83.1,0111033
E83.1,0111034
F01.1,0111035
F01.1,0111036
E72.1,0111037
E72.1,0111038
E72.1,0111039
E74.0,0111040
E74.0,0111041
E74.0,0111042
E74.0,0111043
D69.1,0111044
D69.8,0111045
D69.4,0111048
D69.1,0111049
D69.1,0111051
D68.03,0111054
D69.8,0111056
D69.8,0111057
Q84.2,0111060
M11.2,0111063
G12.2,0111064
N04.1,0111128
N04.1,0111129
N04.1,0111130
N04.1,0111131
N04.1,0111132
N04.1,0111133
N04.1,0111134
E88.1,0111135
E88.1,0111136
E88.1,0111137
E88.1,0111138
E03.1,0111140
Q60.4,0111142
D68.04,0111146
C86.5,0111147
Q12.1,0111148
I95.1,0111154
D47.Z2,0111157
E72.1,0111165
G71.228,0111217
G71.220,0111225
Q85.02,0111252
Q85.01,0111253
E74.89,0111258
E72.19,0111270
E76.02,0111389
E76.01,0111390
E76.210,0111391
E76.211,0111392
E76.22,0111393
E76.22,0111394
E76.22,0111395
E76.22,0111402
H47.03,0111531
G71.19,0111538
G12.1,0111552
Q85.89,0111563
E88.02,0111592
Q87.0,0111604
E72.59,0111626
E74.31,0111633
E73.0,0111646
E74.11,0111680
Q11.2,0111716
E72.59,0112307
E22.8,0112308
G71.2,0112374
A00-A09,100
H90.5,10003
E31.23,10016
E31.21,10017
C24.1,10020
C17.0,10021
G43.1,10024
A52.11,10027
N73.9,1003
J98.2,10030
J98.3,10031
H52.52,10033
H52.5,10034
A52.2,10035
A50.40,10039
A50.5,10039
B71.0,10074
B70.0,10075
B69,10079
B70.1,10080
B56,10112
B57.2,10113
H02.71,10122
H18.9,10124
H18.6,10126
F52.5,10131
E50.7,10138
H11.10,10139
H04.12,10140
C40.2,10149
C40.3,10151
C17.2,10153
C17,10154
C26.0,10155
M87,10159
M87.9,10159
H04.81,10174
H35.81,10175
H47.1,10175
H47.11,10175
H30.9,10176
A67.1,1022
A67.3,1022
A67.9,1022
A67.2,1022
A67.0,1022
M33,10223
A30.3,1023
I70.0,10230
H50.61,10235
F65.2,10236
A30,1024
D56,10241
A77.4,10242
A30.1,1025
A84.89,10250
K82.4,10254
H92.1,10261
B26,10264
I44.60,10272
C61,10283
G72.3,1029
H50.01,10293
I73.0,10300
K11.2,10301
K11.2,10303
A87,10310
I33.9,10314
J64,10316
J61,10320
J63.2,10322
J66.0,10323
J60,10324
J62.8,10325
J60,10327
J63.4,10328
J62.0,10329
H47.23,10337
G03.1,10341
H02.52,10348
N60.0,10349
C94.8,1035
N60.0,10350
N60.2,10352
N60.3,10353
N60.1,10354
C63.0,10366
C91,1037
A66,10371
H53.03,10375
H53.00,10376
H53.02,10377
H53.01,10378
G54.5,10383
M89.4,10393
A20.2,10398
A49.9,104
C91.10,1040
Q76.1,10426
H18.61,10428
H16.05,10439
H16.06,10440
H16.04,10441
H16.03,10442
H20.05,10443
H16.02,10444
H16.07,10445
J35.01,10456
A48.1,10457
J00,10459
J31.1,10460
J00,10460
K02,10461
M76.5,10471
Q79.1,10480
J98.6,10481
Q39.0,10485
Q41.1,10486
Q43.1,10487
Q42.3,10488
H05.11,10499
I24.1,10507
H60.2,10516
J12.9,10533
C16.6,10534
C16,10534
C16.5,10534
C16.2,10534
C16.1,10538
C16.4,10544
C16.3,10547
C16.0,10548
H68.01,10550
A69.22,10554
E72.03,1056
A66.1,10567
A66.4,10567
A66.6,10568
A66.0,10568
E83.5,10575
E75.25,10581
G60.1,10582
H35.52,10584
E75.23,10587
E71.52,10588
O14,10591
G60.0,10595
A15.6,106
E72.02,1060
F95.1,10600
R73.03,10603
E73,10604
K90.2,10606
K90.1,10607
K90.0,10608
E55.0,10609
K90.3,10610
L50.0,10612
H47.21,10627
Q11.2,10629
N12,1063
F21,10646
G30,10652
H40.15,1066
H40.1,1067
N64.89,10686
N62,10688
N64.1,10691
B66.4,10699
H40.11,1070
A07.1,10718
N19,1074
C57.1,10744
H66.9,10754
H70.2,10755
H70.21,10755
H70.22,10755
N11,1076
K76.6,10762
I10,10763
M31.19,10772
A20.0,10773
I40.1,10778
I40.0,10779
D75.0,10780
I88.0,10782
D74,10783
E28.31,10787
J32.1,10790
J32.1,10791
J32.0,10792
J32.3,10793
J32.3,10794
B74,1080
K25,10808
B74.4,1081
C30.0,10811
F65.52,10817
B74.8,1082
I10,10825
F65.3,10834
A83.2,10841
A83.4,10842
A83.1,10843
A83.0,10844
A83.3,10845
F65.51,10849
H49,10863
H35.30,10871
H35.32,10873
I80.21,10880
B08.4,10881
B33.0,10882
B08.5,10883
A30.5,10887
Q54,10892
Q02,10907
G91,10908
R41.3,10914
A77.2,10921
D57.1,10923
D57.2,10923
K28.0,10927
F60.3,10930
F60.7,10931
F60.5,10932
F42,10933
F44.81,10934
F44.9,10935
F48.9,10935
F60.1,10936
F63.9,10937
F60.0,10938
F60.2,10939
K14,10944
N08,10952
B78,10955
H71.0,10963
H71,10964
G80.1,10965
N04,10966
N70.03,10971
N70,10972
N70.01,10973
N70.92,10974
N03.2,10976
P55,1098
M46.4,10986
H11.41,10989
D56.0,1099
H25.09,10997
H27.9,110
H11.15,11029
H18.20,11030
H18.1,11031
H18.23,11032
H18.22,11033
F44.0,11037
M05.0,11042
Q79.3,11044
P24.01,11049
C67,11054
A28.0,11055
O44,11060
A23,11077
B88.3,11079
B87,11080
H31.0,11086
P84,11088
A78,11100
A79.0,11101
A44,11102
A79.1,11103
A77.9,11104
N13.30,11111
F95.2,11119
F52.6,11120
K04.0,11121
D69.0,11123
D69.1,11125
D69.5,11126
I15,11130
N42.83,11133
H04.16,11134
H40.82,11148
H40.83,11149
C49,1115
L74.0,11153
L74.4,11155
L74.4,11156
P28.5,11161
J96.0,11162
H18.42,11164
A63.0,11168
H05.4,11175
H65,11180
H65.2,11181
H10.02,11184
B48.2,11186
K04.2,11189
H10.22,11190
Q70,11193
J06.0,11195
H10.23,11197
D82.1,11198
E20,11199
I85.01,112
E21.5,11201
E21.0,11202
H10.1,11203
F11.1,11206
Q15.0,11212
H73.1,11217
H10.01,11219
H05.0,11230
H05.03,11231
H05.02,11232
H05.01,11234
H74.1,11235
C18.1,11239
P61.1,11242
P61.2,11243
P61.5,11245
P60,11246
D65,11247
E56.1,11249
A75.1,11254
A75.0,11256
A75.9,11256
A75.2,11256
F40.1,11257
A28.1,11258
A82,11260
A70,11262
A71.1,11265
A71,11265
A71.0,11265
A98.5,11266
H18.44,11267
K04.5,11269
E05.2,11277
H31.02,11282
J67.7,11289
I77.0,11294
I65.0,11299
B65.3,11302
A98.2,11320
F20.81,11328
L94.6,11329
A46,11330
D86,11335
A35,11338
B59,11339
K06.0,1134
K06.01,1134
H18.41,11342
H15,11343
N32.3,11353
N21.0,11354
N21.0,11355
A93.1,11360
H27.11,11364
Q12.3,11367
K59.1,11371
K59.39,11372
K59.4,11374
B83.1,11379
H16.4,11382
Q53.9,11383
F80.1,11385
J80,11394
J81,11396
I51.9,114
N16,11400
H30.9,11406
H50.15,1142
N80.2,11424
N80.5,11428
N80.3,11429
H50.1,1143
N80.6,11430
N80.4,11431
N80.1,11432
G93.5,11457
G93.2,11459
C32.2,11472
M81.0,11476
Q69,1148
G90.2,11486
G90.0,11488
H53.62,11491
I31.4,115
Q23.3,11502
H66.4,11506
I82.0,11512
K14.5,11514
I11,11516
H57.09,11518
J38.6,11527
H18.83,11541
H16.31,11543
H18.00,11547
H49.0,11550
H18.31,11552
H18.51,11555
H65.0,11557
H35.03,11561
H35.06,11563
A32,11573
G00.2,11574
G83.4,11577
H16.25,11581
G90.1,11589
C67.2,11593
H15.85,11594
C38.0,116
P83.4,11603
E28.2,11612
C60,11615
C60.2,11615
K04.1,11623
N81.84,11629
E03.9,11634
H52.53,11637
H52.4,11638
P27.1,11650
H11.11,11653
L12.1,11656
M12.3,1166
H53.55,11661
I12,11664
Q91.7,11665
H02.73,11668
H02.86,11669
H02.72,11671
B73,11678
E78.5,1168
L82.0,11685
K04.4,11693
I81,11695
C38.0,117
O24.4,11714
R73.03,11716
P70.2,11717
G71.09,11719
E78.1,1172
G71.09,11720
E74.09,11721
G71.11,11722
G71.03,11724
Q87.19,11725
G71.02,11727
A69.2,11729
C57.3,11746
C57.4,11747
C57.2,11748
A37.1,11750
H44.32,11754
D50,11759
H55.03,11771
H44.53,11772
H52.22,11781
H52.2,11782
D73.2,11787
J37.0,11797
E46,11801
C67.5,11809
C67.4,11811
C67.0,11813
C67.3,11814
H43.81,11816
C67.7,11817
C67.6,11818
C66,11819
C67.1,11820
K76.7,11823
E78.81,11824
H44.2,11829
H52.1,11830
H47.61,11831
Q66.89,11836
C60.1,11839
N04,1184
I22,11847
A30.0,11851
H50.11,11853
G31.01,11870
H16.11,11871
H53.61,11874
K12.1,11875
G58.9,1188
C52,119
C51.0,11905
K31.84,11914
C33,11920
A81.0,11949
K20,11963
N95.2,11968
Q14.2,11975
A05.1,11976
Q87.11,11983
H11.12,11988
A21.0,11990
Q78.8,11991
N50.0,11994
N44.02,11996
N43.4,11997
C57,120
H47.01,12010
C71.1,12016
E26.01,12028
H44.13,12029
H44.11,12030
P57.0,12043
T78.40,1205
B45,12053
D86.81,12055
F84.2,1206
K31.82,12070
H16.44,12087
H46.2,1209
A25.0,12096
G50.0,12098
H46,1210
J84.02,12117
J84.03,12118
J84.01,12120
J84.10,12123
H15.11,12124
H16.23,12125
F50.2,12129
M31.3,12132
D66,12134
F34.1,12139
B67.7,12148
A87.2,12155
G03,12156
G03.0,12157
H35.4,12161
H35.45,12162
H35.42,12164
H35.41,12165
H35.43,12166
H35.46,12167
G56.2,12168
G56.0,12169
G56.3,12170
E07.1,12175
E04.9,12176
D83,12177
B66.8,1218
H80.80,12185
B66.2,1219
C18.6,12190
C18.5,12191
C18.7,12192
H16.10,12196
H16.14,12197
A90,12205
A91,12206
O41.0,12215
G31.83,12217
M94.9,1222
M67.5,12225
K31.2,12234
K74.3,12236
K74.5,12236
C44.520,12239
D56.1,12241
E27.5,12257
D67,12259
N70.1,12265
D70,1227
Q13.0,12270
Q13.1,12271
H52.31,12273
A36.3,12275
C62.0,12276
I80.1,12282
A98.0,12287
F20.0,1229
F32.89,12294
H20.82,12297
H11.13,12304
Q82.3,12305
L80,12306
H18.01,12307
E80.6,12308
D47.01,12309
H18.06,12311
H18.53,12318
J45.991,12323
I27.1,12325
E41,12328
F64.1,1233
N50.1,12335
N46,12336
I86.1,12337
F64.2,1234
Q78.0,12347
H44.44,12349
F65.0,1235
N41.3,12355
H69.0,12358
H05.21,12360
E05.0,12361
H05.25,12363
H05.26,12364
B54,12365
N81.0,12369
H18.4,1237
J18.0,12375
G12.9,12377
A03,12385
A03.0,12385
A03.2,12385
A03.1,12385
A07.0,12386
N25.1,12387
F63.0,12399
C95.90,1240
F63.2,12400
F60.3,12401
F63.81,12401
F63.1,12402
B35.3,12403
H44.82,1241
H44.39,1242
C51.1,1243
D61.9,12449
C51,1245
D61.81,12450
N25.81,12465
D68.9,1247
B81.1,12474
G52.2,12491
G51.0,12506
H35.82,12510
J67.1,12522
G57.6,12524
G57.5,12526
G57.3,12527
G57.0,12528
D68.0,12531
B81.2,1254
H73.82,12546
K72.91,12550
D59.3,12554
N17.0,12556
H50.81,12557
H49.4,12558
N77.0,12566
P72.1,12573
Q93.4,12580
M70.2,12581
Q93.81,12583
Q60.6,12594
C95.00,12603
N81.81,12637
Q40.0,12638
K31.1,12639
Q40.1,12641
K44,12642
H93.3,12657
K03.5,12661
B41,12662
B40,12663
H53.30,12667
H53.31,12668
E83.52,12678
H81.2,12683
F80.2,12685
G83.5,12697
N62,12698
I78.0,1270
E22.1,12700
G11.11,12705
I78,1271
B36.3,12711
Q61.5,12712
Q77.6,12714
P22.0,12716
I67.2,12720
H30.2,12731
K03.4,12733
N83.4,12735
A07.4,12750
H18.72,12753
C69.3,12759
G43.0,12783
F16.1,12797
E76.3,12798
E76.1,12799
E76.0,12802
E76.29,12803
E76.219,12804
H04.03,12809
K46,1283
G82.5,12835
B76.0,12841
G61.0,12842
F84.0,12849
M76.6,12857
G10,12858
G25.5,12859
F45.21,12883
G61.0,12889
G31.9,1289
M35.0,12894
K11.8,12899
K11.8,12900
K11.8,12901
K11.6,12904
K11.5,12905
I73.1,12918
B53.0,12919
I42.4,12929
I42.0,12930
H49.81,12934
I42.6,12935
H02.23,12958
H02.2,12959
Q79.8,12961
D58.0,12971
B51,12978
D70,12987
F91,12995
H04.32,12996
H04.31,12997
G45.0,13003
B30.0,13014
H35.1,13025
B48.0,13026
G45.4,13027
N47.6,13031
N48.1,13033
A68,13034
A68.0,13035
A68.1,13036
H02.22,13037
H02.21,13038
P29.3,13042
J01.3,13046
N25.0,13068
B47,13078
M12.0,13080
I45.6,13087
P91.2,13088
H34.23,13094
H34.1,13098
I67.5,13099
L03.0,13117
D53.0,13120
O14.2,13133
H00.01,13134
G12.0,13137
H20.9,13141
B37.81,13146
N30.0,13148
B44.81,13166
C60.0,13168
C63.1,13169
H55.04,13174
M10,13189
C71,1319
E04.9,13195
E01.2,13198
N40,13206
H35.34,13214
D25.0,13222
D25,13223
A21.1,13226
A25.1,13238
C34.1,1324
C34.2,1324
C34.3,1324
K03.3,13240
M35.2,13241
C34,1325
A01.0,13258
E80.20,13268
E80.29,13269
E80.0,13270
E80.0,13271
J15.0,13272
J15.7,13276
A92.4,1328
M42.0,13300
A36.85,13306
A36.89,13310
K86.81,13316
E16.9,13317
H10.43,13326
H46.3,13329
K14.3,13333
P37.1,13336
C32.3,13348
F65.4,13351
H16.32,13353
M22.4,13357
Q79.6,13359
G25.82,13366
B35.2,13369
A75.3,13371
E88.01,13372
M61.1,13374
M30.3,13378
D64.4,1338
D51.0,13381
D53.1,13382
A22.2,13386
D61.01,1339
H53.5,13399
D86.3,13402
D86.89,13404
D86.0,13406
K83.2,13409
K76.82,13413
D61.01,1342
D61.0,1342
N34.2,1343
A24.0,13444
I65.1,13446
H18.02,13447
H18.05,13448
B38,13450
H15.0,13452
A54.49,13453
N36.42,13461
H11.02,13473
C32.1,13476
Q77.1,13481
F84.3,13487
N34.3,13498
C17.1,13499
Q87.0,13501
N30.3,13507
Q85.1,13515
P39.0,13520
A33,13521
B74.3,13523
Q78.2,13533
E21.3,13543
H40.12,13544
G21,13548
H40.23,13549
D25.2,13560
H47.32,13561
B44,13564
C31.0,1357
O43.02,13576
E40,13579
K83.1,13580
M27.3,13585
N97.2,13589
O15,13593
C31.2,1360
Q44.2,13608
Q21.12,13620
H16.13,13626
D55.0,13628
C31.1,1363
D61.09,13636
H04.52,13651
H04.56,13653
H04.54,13654
H04.55,13655
K62.6,13662
G04.02,13664
H15.03,13676
K31.5,13687
N42.0,13689
F52.4,13709
K00.3,13711
K00.0,13714
E54,13724
E51.1,13725
N71.9,13736
K76.3,13738
K76.1,13739
P39.3,1375
H04.22,13756
H04.2,13757
B85.3,13760
B66.1,13767
B66.0,13768
E27.1,13774
B07.0,13775
A57,13778
M35.7,13781
H15.82,13787
H15.81,13788
H15.83,13789
H73.0,13790
H73.01,13791
H15.01,13794
C50.11,13799
C54.1,1380
A74.0,13800
E78.49,13809
L75.2,1381
E78.01,13810
G52.3,13814
A55,13819
L74.3,1382
H01.02,13825
L74.9,1383
Q25.0,13832
G25.9,13839
E78.6,1386
H15.04,13861
H40.21,13862
H49.1,13864
G52.7,13866
F52.0,13868
E78.6,1387
E78.6,1388
I49.5,13884
A69.22,1389
J67.2,13891
B36.2,13902
E78.6,1391
H53.51,13911
H53.52,13912
F45.0,13918
H52.21,13919
K20.0,13922
A69.1,13924
H47.9,1393
G51.0,13934
N91.2,13938
I67.850,13945
N32.0,13948
D25.1,13955
H05.1,1397
C50.51,13972
H44.12,1398
Q74.0,13994
H10.53,13999
H04,1400
H21.1,14000
K70.3,14018
A23.3,14019
M94.0,14021
M89.0,14022
D52,14026
H40.24,1404
E31.0,14040
H40.2,1405
C68.1,14059
B50,14067
B50.0,14069
G51.1,14075
E26.02,14080
M77.1,14087
I70.1,14092
A77.1,14095
M65.4,14107
C21.0,14110
C21.1,14110
K14.2,14111
A48.3,14115
E78.3,14118
R82.71,1412
N81.12,14130
N81.11,14131
N20.1,14146
G91.1,14159
H31.9,1417
I09.81,14172
Q85.83,14175
D80.3,14176
M75.3,14181
G62.1,14183
G62.0,14184
M75.0,14188
H27.13,14199
M33.0,14203
E83.39,14213
N25.89,14219
E88.81,14221
E70.29,14223
J01.1,14225
N46.0,14227
N46.1,14228
H15.05,14230
H05.81,14233
H04.21,14244
H35.35,14245
H66.3,14247
H66.2,14248
Q90,14250
H35.51,14251
H35.54,14252
M06.1,14256
Q99.2,14261
B37.9,14262
K83.09,14268
K83.09,14269
K83.09,14270
N90.5,14275
M75.4,14276
E16,1428
M89.4,14283
M14.6,14286
H15.02,14287
Q22.5,14289
N90.4,14292
H54,1432
F41.1,14320
Q87.4,14323
B52,14324
G20,14330
G21.3,14332
E28.0,14336
E06.0,14350
E06.5,14351
E06.0,14353
H18.71,1436
E71.41,14365
C71.3,14384
R82.81,1439
I82.1,14392
A07.8,14397
G62.81,14402
M91.2,14415
B72,14418
G52.1,14423
H66.1,14435
L50.5,14443
H16.33,14444
H40.22,14445
G72.3,14451
G72.3,14452
J67.0,14453
A23.0,14456
A23.1,14457
G21.0,14464
O26.4,14482
B42,14484
K91.1,14495
E75.5,14497
E75.21,14499
E77.1,14500
E75.4,14503
E75.24,14504
H18.46,14507
B37.2,14512
H34.21,14522
H57.01,14523
G93.7,14525
K03.3,14529
K14.4,1453
C31.3,14546
K14.1,1455
H47.14,14555
I27.0,14557
K14.0,1456
E89.0,1458
E03.9,1459
H47.1,146
I75,1461
N41.9,14654
Q87.2,14679
H83.0,1468
Q87.19,14681
Q13.81,14686
Q77.5,14687
E78.72,14692
E74.29,14695
Q87.2,14699
F33.9,1470
F32,1470
E71.121,14701
G71.22,14717
K05.2,1474
Q87.3,14748
D18.1,1475
E71.110,14753
Q79.62,14757
Q87.19,14796
E84,1485
H35.00,1492
B67.4,1495
B67,1496
A00,1498
F99,150
B37,1508
F60.6,1509
C18.0,1521
M35.6,1525
M79.3,1526
N48.8,1529
C75.0,1540
L50.4,1554
T78.41,1556
T78.3,1558
F09,1561
B43.9,1562
B49,1564
H02.1,1570
G91.2,1572
G91.0,1573
F10.1,1574
M34.81,1578
J98,1579
A15.5,1583
I00-I02,1586
I00,1586
D69.6,1588
I15.0,1591
F33.9,1596
L04,1602
I88.1,1602
E15,1607
C50,1612
D24,1618
C80.1,162
D48.6,1631
A18.0,1639
C50.31,1649
C50.61,1650
Q21.0,1657
C71.0,1659
J93.0,1672
J93.1,1673
N30.1,1678
N30,1679
N30.2,1680
Q21.9,1681
Q24.9,1682
H40,1686
D3A.8,169
C75.9,170
Q80.1,1700
Q80.0,1702
C91.1,1703
Q23.0,1712
I06.0,1712
G25.83,1713
K26,1724
C48.1,1725
H34.82,1726
H34,1729
B39,1731
A07.2,1733
G51,1756
B39.4,1759
G51.2,1761
K13.0,1762
F44,1768
K59.31,1770
I72.9,178
C73,1781
C75.1,1785
C45.1,1788
C25.0,1793
C25.2,1793
C25.1,1793
C25.4,1798
D13.7,1799
C25.4,1799
G90.5,1811
H04.15,1822
G40,1826
G58.7,1835
F12.2,1849
M27.8,1856
Q78.1,1858
M27.1,1866
I09.2,1869
F52.9,1876
Q21.1,1882
B19.20,1883
H01.13,1893
H01.1,1894
E79.1,1919
Q98.0,1921
E75.22,1926
E75.3,1927
Q93.82,1928
Q25.3,1929
Q93.51,1932
Q87.2,1933
Q87.89,1935
I70,1936
H50.3,1942
L65.0,1943
A59,1947
K81,1949
C57.0,1964
G80,1969
H30.0,1979
C20,1993
H68.02,1999
H68.0,2000
H35.3,2007
D81.4,2012
E16.1,2018
C58,2021
M27.8,203
F41.9,2030
F80.9,2033
M77.9,204
M89.3,205
J01.0,2050
J32.0,2051
F43.1,2055
Q78.6,206
P78.0,2073
K59.02,2088
K59.0,2089
M12.8,2092
C44,2095
M77.3,210
A07.3,2112
A21.2,2122
C71.2,2135
K03.8,214
A18.17,2148
A18.1,2149
K02.6,216
K02,216
C18.2,218
E89.1,2181
K00.5,2187
C18,219
D69.9,2213
D68.2,2215
D68.2,2216
D69.1,2219
H61.0,222
D47.3,2224
D47.1,2226
D75.83,2228
D68.1,2229
K73.9,2237
G45.9,224
M47,2247
N88.4,2251
Q78.9,2256
M24.6,227
B37.3,2272
N76.0,2273
J02,2275
L73.2,2280
A27,2297
A27.0,2297
G12.23,230
M43.0,2300
F98.4,2303
G12.2,231
A43,2312
J67.4,2314
K52.9,2326
C41.1,2338
Q75.1,2339
Q75.0,2340
D89.0,2344
I70.91,2347
I70,2348
I70,2349
E83.1,2351
E83.11,2352
D61.82,2354
D64.9,2355
I87.0,2364
A92.31,2365
A92.3,2366
E75.10,2368
D58.1,2373
G35,2377
P57,2382
P59.9,2383
E51.2,2384
C56,2394
C51.2,2401
B48.1,2409
H34.81,2450
D68.59,2451
D68.59,2452
H10.52,2455
H10.5,2456
H27.12,2460
H10.44,2474
H10.4,2475
G11.4,2476
G60.0,2477
H81.4,2479
K03.2,2498
M31.4,2508
D18.02,2517
N45.2,2518
D73,2529
D73.3,2530
D73.5,2533
G61.81,2536
G40.8,2538
D18.03,254
D18.0,255
M94.1,2556
M94.2,2557
F11.2,2559
H18.55,2565
H18.5,2566
N72,2568
C96.6,2571
C96.0,2571
E71.540,2580
Q77.3,2581
D80.1,2583
N04,2590
C32.0,2595
C32,2596
K86.8,26
C18.3,260
C18.4,261
C64,263
C45,2645
K09.8,2658
C22.3,268
D21,2691
M12.2,2702
J67.5,2708
N47.1,2712
J94.2,2718
L30.9,2723
Q82.5,2725
Q81,2730
Q82.8,2732
L90,2733
E50.8,2734
E80.4,2739
H93.9,2742
N28.85,2743
N12,2744
F60.81,2745
E74.04,2746
E74.0,2747
E74.03,2748
E74.09,2750
E74.02,2752
E74.09,2754
F95.0,2768
F95,2769
L22,2770
L24.9,2772
L25.9,2773
C19,2782
Q03.1,2785
B64,2789
B76.1,2790
J84.114,2797
E34.9,28
J84.114,2800
C72.4,2814
C72.50,2815
B48.3,2832
D75.1,2834
D75.1,2838
D75.1,2839
J45,2841
I45.81,2843
G47.63,2846
F45.8,2846
C91.4,285
E07.81,2856
D58.2,2859
D58.2,2860
H18.45,2879
N80.0,288
N80,289
Q87.0,2907
Q75.4,2908
K85,2913
D89.9,2914
C88.9,2916
D89.1,2917
N08,2921
Q87.2,2926
E70.330,2935
J12.81,2945
T75.3,2951
H83.9,2952
A15,2957
Q87.19,2962
M77.9,2964
M71.9,2965
N28.0,2972
N17.1,2973
R82.992,2977
E72.53,2977
M04.1,2987
D68.61,2988
C62,2998
L23,3042
M30.1,3049
N15.0,3052
A01.1,3055
A01.2,3055
A01.4,3055
A01.3,3055
J84.9,3082
J44.9,3083
K06.1,3086
K05.0,3087
K05.1,3087
K05.10,3087
H04.57,3096
E88.42,310
G54.0,3103
C26.9,3119
C23,3121
K62.89,3127
E80.1,3132
L83,3138
Q82.8,3144
E88.2,3153
D72.823,3166
G95.9,319
G71.21,3191
G95.1,320
Q85.03,3204
G04.1,321
S12.8,3225
J69.0,3240
J69.1,3241
E70.39,3263
D71,3265
C37,3277
B04,3292
G96.9,331
L20,3310
F31,3312
D17,3315
D17.9,3315
G12.21,332
E75.02,3320
E75.0,3321
E75.19,3322
E75.01,3323
F39,3324
D69.2,3326
F60.4,334
I25.41,3362
K05.6,3388
L85.2,3390
I25,3393
I20-I25,3393
I25.10,3393
E22.2,3401
G52,3418
H81.9,3426
G72.41,3429
N85.9,345
N64.9,3463
H02.3,348
A20.7,3481
A20,3482
L03.90,3488
D47.02,349
Q87.19,3490
Q96,3491
M35.1,3492
D47.09,350
G46.3,3522
I63,3526
G71.29,3529
C71.5,3541
C96.22,355
K31.5,3558
D32.9,3565
C22.0,3571
C22.9,3571
C25.3,3587
O01,3590
C58,3594
N80.0,361
H30.9,3612
E23.0,3614
C72.9,3620
I71.3,3627
I71.5,3627
I71.1,3627
I71.9,3627
I71.8,3627
C55,363
E74.4,3649
N32.9,365
E87.20,3650
E74.4,3651
G31.82,3652
D47.01,3663
D47.09,3664
D47.01,3665
D47.01,3666
I73.9,3669
G52.0,367
E88.41,3687
G54.5,3689
G54.0,3690
C72.2,370
C90.2,3720
C90.3,3721
E70.331,3753
D68.59,3755
D68.59,3756
Q56.3,3765
Q56,3765
N89.8,3766
L92.0,3777
H61.9,379
J86,3798
L56.5,3805
M00-M02,381
M12.9,381
K44,3827
I45.6,384
Q85.89,3852
C63.9,3856
I80.0,3875
N76.2,3901
E34.8,3911
C34.0,3924
E88.2,3928
M76.81,3933
E24.0,3946
I40,3951
C74,3953
I42.3,396
I42.5,397
G23.0,3981
C68.9,3996
L81.7,4028
K29.7,4029
K29.6,4038
C49,4045
K76.9,409
R48.1,4090
L60,4123
L08.1,4131
C69.6,4143
K00.5,4154
A51.0,4166
M34.0,418
E20.1,4184
R73.9,4195
G57.2,4196
L68,420
C71.7,4203
C71.6,4205
L08.0,4223
G72.9,423
P28.0,424
A81.82,4249
H11.82,4250
H11.9,4251
Q78.2,4254
M89.8,4257
Q87.0,4258
B60.8,4271
C44.510,4283
Q26.8,4297
M54.1,4306
L12.3,4313
A98.4,4325
A98.3,4327
Q50.5,4333
B35,4336
C69.4,4352
C38.2,436
C53,4362
G70.0,437
G70.00,437
I66,4372
L40.3,4398
G70.9,440
L82,4400
F81.0,4428
E26.81,445
E24,446
E26,446
Q77.4,4480
J09.X,4492
G71.1,450
Q87.0,4501
R48.8,4540
R41.2,4543
B77,456
Q80.3,4603
C24.0,4606
C24.9,4607
Q04.2,4621
Q78.4,4624
Q04.3,4626
Q81.0,4644
C69.2,4645
D47.09,4658
D47.09,4659
D47.02,4660
H16.12,4664
E34.5,4674
N19,4676
H16,4677
N42.9,47
C71.7,4706
G96.81,4723
J30.0,4730
F45.0,4737
F45,4737
O43.21,4744
G23.2,4751
N01,4776
C96.21,4798
N50.9,48
D18.0,483
C44,4840
A93.2,4885
A18.2,4889
C65,4919
C22.1,4928
C22.1,4947
G14,4952
A80,4953
Q81.2,4959
D47.1,4960
A18.84,4962
F48.9,4964
F34.1,4964
E24.1,4968
R48.3,4970
D47.4,4971
D75.81,4971
A80.4,4986
K85.9,4989
G25.0,4990
Q78.3,4997
E07.9,50
C75.3,5032
C15.5,5041
C15.4,5041
C15.3,5041
A24.9,5052
K74.60,5082
C76.1,5093
N83.2,5119
C38.4,5158
I70,5162
D07.0,5172
C63.2,518
I77.6,519
N13.9,5200
E74.19,5204
G61.81,5213
A85.8,5225
B20,526
G24.5,529
K63.9,5295
H02.9,530
H33.2,5327
E32,533
N47.2,5334
D70.4,5339
R41.1,5340
R91.1,5364
D58.2,5378
D58.2,5379
H51.2,538
H50.8,540
M88,5408
F25,5418
F20,5419
E28.3,5426
G24,543
C69.0,5467
B85.0,5501
B85.2,5502
B85.1,5513
C38.3,5559
N08,557
Q87.3,5572
F52.32,5576
T79.6,5587
N10,559
Q07.8,560
K04.2,5608
C72.0,5612
H44,5614
H47.4,5655
G52.9,5656
H83.2,566
C18.9,5672
H35.9,5679
H47.6,5691
I06.1,57
G56.10,571
C74.1,5719
H47.2,5723
N70.11,5731
N70,5732
N70.91,5733
I09.89,5748
R80,576
K13.5,5773
H73.81,5781
H73.9,5782
D81.30,5810
D81.6,5812
D81.5,5813
R82.3,582
D55-D59,583
I21,5844
N20,585
J82.81,5870
C48.0,5875
C48,5875
D58.9,589
F40,591
F40.0,593
F41.0,594
I65.9,5976
F40.2,599
I50.9,6000
I50,6000
F40.243,605
K22.9,6050
G83.81,606
G82.2,607
I05.1,61
I05,61
D84.9,612
J40,6132
J42,6132
J20,6132
D72.810,614
D02.3,6148
D72.819,615
H10,6195
M02.3,6196
M02.10,6196
C69.1,6199
C45.2,6201
D80.7,624
D84.1,626
C96.4,6262
D81,628
M79.7,631
M60,633
B20,635
G37.2,636
G43,6364
D73.1,6376
Q20.1,6406
Q21.3,6419
A81.2,643
I27.20,6432
A81.81,648
A81.9,649
L82,6498
E79.8,653
L70.2,6543
L70,6543
M46,6590
C74.0,660
M48.3,6603
M48.2,6643
M48.1,6652
E23.6,6676
M43.1,6682
Q87.19,6683
D89.82,6688
M53.0,6692
G83.82,6712
I67.9,6713
C26.1,672
M48.02,6725
M48.0,6725
M48.061,6725
Q35,674
M08.4,676
G23.1,678
G12.22,681
T79.A0,682
C22.0,684
C22.2,687
G57.3,6925
H35.81,6929
H04.33,6969
H04.3,6970
K00.5,701
B81.0,7033
H47.22,705
C91.42,711
N30.4,7127
C96.4,7146
M45,7147
M06.9,7148
E06.1,7165
E06,7166
E06.3,7188
C70.1,7224
N94.3,727
H15.12,728
N36.9,732
M72.4,7327
C68.0,734
D75.9,74
A22.0,7426
A22,7427
L50.3,743
H74.4,7439
B80,7457
D19.9,746
C45.0,7474
M92.52,7489
K27,750
F52.31,7518
A18.12,754
A54,7551
Q89.3,758
K92.9,77
H35.02,7765
F22,778
O43,780
N15.9,782
N18.9,784
C96.4,7848
C96.4,7849
S12.8,786
B88.9,7894
H44.4,790
I83.90,799
E05.9,7997
E05.9,7998
M25.0,801
F14.1,809
E88.1,811
M93.9,8125
M92,8125
M00,813
C10.1,8133
J98.51,819
I51.4,820
A52,8200
K04.5,823
K05.3,824
J31.0,8252
B86,8295
H26,83
K37,8337
M93.2,84
M93.9,84
J67.3,840
J67.9,841
D75.1,8432
K56.609,8437
K91.1,8439
K56.0,8442
K56.2,8445
K56.1,8446
K56.4,8448
F34.0,845
E53.0,8454
E53.1,8455
H16.0,8463
H33.10,8465
J11.1,8469
L94.0,8472
K90.81,8476
A42,8478
M19.90,848
M05.3,8481
I01.9,8481
H34.0,8482
J67.6,8484
O40,8488
H53.63,8498
H53.6,8499
J98.4,850
H35.5,8500
L40.1,8503
L01.0,8504
L13.0,8505
L12.0,8506
L12.2,8507
L13.1,8508
N75.0,851
O88.21,8512
I26.09,8514
I27.81,8515
I26.09,8517
F13.11,8519
C93.Z,8527
M35.3,853
C13,8533
C13.2,8533
K21.9,8534
B02,8536
C84.1,8541
C81.4,8543
G93.32,8544
T88.3,8545
L98.4,8549
L88,8553
C10.0,8556
C10.2,8557
C10.8,8557
C10.3,8557
C10,8557
D81.810,856
C00,8564
B00.9,8566
C81,8567
B27,8568
D81.81,857
L44.1,8573
L28.0,8574
K51,8577
C05.1,8578
C83.7,8584
D81.818,859
C93.1,8593
A38,8596
C03.0,8601
C03,8602
N48.6,8616
C04,8618
C04.1,8618
C04.0,8618
G47.13,8619
G83.0,862
B05,8622
C81.3,8628
G98,863
C00.0,8630
C00.3,8630
C46.4,8632
C46.5,8632
C46.1,8632
C46,8632
C46.0,8632
C46.2,8632
C46.3,8632
D07.5,8634
C05.2,8635
I80,864
K29.8,8643
C02.9,8649
C02.0,8649
C02.1,8649
C02.4,8649
C02.2,8649
C01,8649
C81.2,8654
B01.9,8659
I82,866
C13.0,8660
D00.0,8661
C13.1,8663
F50,8670
K55.3,8677
K29.2,8680
C92.3,8683
D04,8687
D04.2,8687
D04.6,8687
D04.4,8687
D04.3,8687
D04.7,8687
D04.0,8687
C09.1,8688
F50.0,8689
H71.9,869
C84.0,8691
C92,8692
G62.9,870
C06.0,8702
Q85.0,8712
L89,8717
D09.9,8719
F01,8725
B08.04,8729
C75.4,8731
B03,8736
N48.0,8738
J15.9,874
L21,8741
B08.3,8743
K29.6,8757
M60.0,876
C94.2,8761
B08.02,8771
K50.1,8778
B06.9,8781
H30.1,8787
D05,8791
D09.2,8792
D02.2,8800
D02.1,8802
I20.0,8805
B66.8,882
D01.0,8826
B83.9,883
C81.1,8838
B66.8,884
C08.1,8849
B66.3,885
C08,8850
L93,8857
C09,8858
Q24.3,8861
L57.0,8866
B08.1,8867
G36.0,8869
D07.4,8872
B66.5,888
L71,8881
C00.1,8883
H30.9,8886
L42,8892
L40,8893
B36.1,8912
B35,8913
N89.4,8920
C43.9,8923
D69.3,8924
D69.4,8925
F81.9,8927
K29.4,8929
E83.01,893
C06.2,8930
D69.41,8931
M72.2,8936
C14.2,8937
L21.0,8941
D64.3,8955
B08.010,8956
C09.0,8969
A81.1,8970
Q61.3,898
G47.41,8986
Q44.4,899
D06,8991
D45,8997
K76.81,900
L40.5,9008
D02.0,9011
D01.4,9024
C07,9036
N84.0,9042
N88.0,9043
E71.510,905
D09.0,9053
E71.5,906
B36.0,9060
L00,9063
B55,9065
M31.2,9072
M32.9,9074
H01.12,9076
L41,9088
G47.52,9091
D00.1,9095
L70.8,9098
C71.4,910
B55.1,9111
A58,9113
C92.0,9119
E85,9120
B00.0,9123
C03.1,9125
D01.5,9132
D00.2,9138
K76.4,914
H01.14,9140
B55.0,9146
C05.0,9149
B55.2,9155
A48.0,9159
K22.0,9164
L98.1,9165
D82.0,9169
C08.0,9173
D01.2,9174
A06,9181
L10,9182
C06.1,9188
K22.4,9192
L43,9201
K22.7,9206
G47.61,9207
B02.21,9210
L44.0,9212
D09.1,9234
C12,9235
I73.81,9240
Q44.7,9245
E72.9,9252
C49.A,9253
C94.3,9254
C18.9,9256
C11.2,9261
C11.0,9261
C11,9261
C11.3,9261
C11.1,9261
E72.11,9263
E70.4,9265
E72.01,9266
E72.2,9267
E72.51,9268
E71.0,9269
E70.29,9270
E72.4,9271
E72.23,9273
E72.3,9274
E70.21,9275
E72.21,9278
H40.05,9282
H40.00,9283
N48.3,9286
H05.82,929
Q36,9296
K13.0,9297
F80.9,93
H05.9,930
A18.85,9305
H50.6,9306
K62.3,9307
J32.2,9312
I89.1,9317
H53.45,9335
H53.42,9335
N36.5,9339
B34.9,934
A94,934
N36.1,9341
I77.71,9348
E08-E13,9351
E11,9352
G93.9,936
G93.40,936
J45,9360
N49.0,9365
H16.2,9368
H05.11,9369
H05.20,9370
H20.81,9375
H20.01,9383
A54.32,9384
H20.2,9388
H20.03,9389
J04.1,9392
J05.0,9395
J04.0,9396
J05.1,9398
J05.10,9398
N45.3,9401
N45.1,9402
E23.0,9406
I21,9408
E23.2,9409
E23.0,9410
J45,9415
H01.0,9423
I67.4,9427
K83.0,9446
K70.0,9452
E75.6,9455
C54,9460
H16.21,9461
H60.4,9462
Q87.2,9467
G00,9470
G03,9471
E23.0,9476
I26,9477
F53.0,9478
H01.01,9483
Q43.0,9487
H04.02,949
H04.0,950
D72.9,9500
J82.81,9502
J82.89,9503
F12.1,9505
F12,9505
J01.2,9506
J32.2,9507
H10.42,9512
C90.1,9513
H04.01,952
E34.321,9521
A53.0,9531
A15.0,9534
A96.2,9537
C90.0,9538
E27.9,9553
J47,9563
Q24.0,9565
Q30.0,9574
P37.5,9577
A92.2,9584
N21.1,9589
N21,9590
M72.9,9598
A05.0,96
M72.2,9600
M72.6,9602
R80.2,9617
N13.7,9620
N28.1,9621
N28.81,9622
K12.1,9637
A07.8,9640
B60.0,9643
H55.01,9649
H55.0,9650
I50.20,9651
K13.21,9655
O20.0,9667
H25,9669
A69.0,9672
K12.1,9673
J43.8,9675
N88.3,9681
A95,9682
A54.33,9697
A54.39,9698
P39.1,9699
H10.0,9700
H10.82,9709
M77.9,971
K82.0,9714
K82.1,9717
H43.39,9720
H16.24,9722
H44.0,9724
H43.81,9726
K91.5,9740
K83.9,9741
I86.2,9742
E10,9744
K64.5,9745
K64,9746
I25.3,9768
P61.0,9771
C50.41,9773
I50.30,9775
K58,9778
K59.9,9779
B75,9784
M60.1,9788
B83.0,9790
H31.2,9794
H44.5,9799
H31.10,980
A18.31,9801
M31.0,9808
M31.0,9809
H31.12,981
M30.0,9810
H31.21,9821
Q74.0,9827
P96.1,9828
H52.0,9834
H52.7,9835
H50.2,9837
H50.41,9838
H50.43,9839
H50.0,9840
H50.42,9843
H81.399,9847
H81.0,9848
H81.0,9849
G24.4,9854
A50,9856
H16.30,9857
H16.3,9858
L63,986
A19,9861
H35.38,9867
E74.12,9869
L65.9,987
E74.21,9870
N34.0,9877
G71.0,9884
H50.05,9888
I77.4,9892
K05.4,9893
M12.20,9898
Q24.6,990
H00.1,9903
L65.2,9905
H00.02,9908
H00.01,9909
H16.01,9910
N43.1,9911
A98.1,992
F82,9923
H04.4,9935
H04.42,9936
H04.41,9937
H04.30,9938
H05.24,9945
C91.00,9952
C95.0,9953
Q23.4,9955
N85.7,9958
B58,9965
E67.1,9969
N85.5,997
E66.9,9970
E67.3,9971
E67.0,9972
F14.2,9975
F16.2,9977
N73.3,9978
A52.3,9988
D72.1,999
E16.2,9993
O90.3,9997
